<?xml version="1.0" encoding="utf-8"?>
<extension type="module" version="4.[0-9]|5.[0-9]" client="site" method="upgrade">
   <name>Member Directory</name>
   <author>Xcelerate</author>
   <version>1.0.3</version>
   <creationDate>2024-12-19</creationDate>
   <copyright>Copyright © 2025 Xcelerate. All rights reserved.</copyright>
   <license>Custom License - see LICENSE.txt file</license>
   <authorEmail>contact@xcelerate-future.com</authorEmail>
   <authorUrl>https://www.xcelerate-future.com</authorUrl>
   <description>
      Joomla module to display a directory of registered members on the site. It includes real-time search, a responsive and modern layout, and display statistics. Ideal for community or association websites.
   </description>
   <files>
      <filename module="mod_member_directory">mod_member_directory.php</filename>
      <filename>helper.php</filename>
      <filename>style.css</filename>
      <filename>tmpl/default.php</filename>
   </files>
   <updateservers>
        <server name="Member Directory Update Server" type="extension">https://github.com/oumarkb/cms-modules-downloads/raw/refs/heads/main/updates/mod-member-directory-update.xml</server>
   </updateservers>
   <languages folder="language">
      <language tag="en-GB">en-GB/en-GB.mod_member_directory.ini</language>
      <language tag="fr-FR">fr-FR/fr-FR.mod_member_directory.ini</language>
   </languages>
   <config>
      <fields name="params">
         <fieldset name="settings" label="Module Configuration">
            <field 
               name="client_name"
               type="text"
               label="Name"
               description="Enter the client's name"
               size="50"
               required="true"
            />
            <field 
               name="client_email"
               type="email"
               label="Email"
               description="Enter the client's email address"
               size="50"
               required="true"
            />
            <field 
               name="subscription_key"
               type="text"
               label="License Key"
               description="Enter the unique subscription key provided by the vendor"
               size="50"
               required="true"
            />
         </fieldset>
      </fields>
   </config>
</extension>
