<?xml version="1.0" encoding="utf-8"?>
<extension type="module" version="4.[0-9]+|5.[0-9]+" client="site" method="upgrade">
   <name>Member Directory</name>
   <author>Xcelerate</author>
   <version>2.0.2</version>
   <creationDate>2024-12-19</creationDate>
   <copyright>Copyright © 2025 Xcelerate. All rights reserved.</copyright>
   <license>Custom License - see LICENSE.txt file</license>
   <authorEmail>contact@xcelerate-future.com</authorEmail>
   <authorUrl>https://www.xcelerate-future.com</authorUrl>
   <description>
      <![CDATA[
      <p>Create a professional member directory with advanced features:</p>
      <ul>
         <li>✨ Real-time search functionality</li>
         <li>🔍 Customizable member fields</li>
         <li>📱 Responsive modern layout</li>
         <li>📊 Member statistics display</li>
         <li>🌍 12 languages supported including RTL</li>
         <li>⚡ Fast with caching system</li>
         <li>🛡️ Secure with input validation</li>
      </ul>

      <p><strong>Perfect for:</strong></p>
      <ul>
         <li>Community websites</li>
         <li>Professional associations</li>
         <li>Business directories</li>
         <li>School/University alumni</li>
      </ul>

      <p>Documentation: <a href="https://www.xcelerate-future.com/member-directory-installation-guide">View the documentation</a></p>
      <p>Demo: <a href="https://www.xcelerate-future.com/member-directory-module-demo">View Live Demo</a></p>
      ]]>
   </description>
   <tags>
      <tag>member directory</tag>
      <tag>members directory</tag>
      <tag>member list</tag>
      <tag>members list</tag>
      <tag>user</tag>
      <tag>users</tag>
      <tag>user directory</tag>
      <tag>users directory</tag>
      <tag>user management</tag>
      <tag>users management</tag>
      <tag>community</tag>
      <tag>members list</tag>
      <tag>profile</tag>
      <tag>user profile</tag>
      <tag>users profile</tag>
      <tag>search</tag>
      <tag>search members</tag>
      <tag>responsive</tag>
      <tag>multilingual</tag>
   </tags>
   <files>
      <filename module="mod_member_directory">mod_member_directory.php</filename>
      <filename>helper.php</filename>
      <filename>style.css</filename>
      <filename>tmpl/default.php</filename>
   </files>
   <updateservers>
        <server name="Member Directory Update Server" type="extension">https://github.com/oumarkb/cms-modules-downloads/raw/refs/heads/main/updates/mod-member-directory-update.xml</server>
   </updateservers>
   <languages folder="language">
      <language tag="en-GB">en-GB/en-GB.mod_member_directory.ini</language>
      <language tag="fr-FR">fr-FR/fr-FR.mod_member_directory.ini</language>
      <language tag="es-ES">es-ES/es-ES.mod_member_directory.ini</language>
      <language tag="de-DE">de-DE/de-DE.mod_member_directory.ini</language>
      <language tag="it-IT">it-IT/it-IT.mod_member_directory.ini</language>
      <language tag="pt-PT">pt-PT/pt-PT.mod_member_directory.ini</language>
      <language tag="nl-NL">nl-NL/nl-NL.mod_member_directory.ini</language>
      <language tag="pl-PL">pl-PL/pl-PL.mod_member_directory.ini</language>
      <language tag="ru-RU">ru-RU/ru-RU.mod_member_directory.ini</language>
      <language tag="ar-SA">ar-SA/ar-SA.mod_member_directory.ini</language>
      <language tag="zh-CN">zh-CN/zh-CN.mod_member_directory.ini</language>
      <language tag="ja-JP">ja-JP/ja-JP.mod_member_directory.ini</language>
   </languages>
   <config>
      <fields name="params">
         <fieldset name="subscription" label="Subscription">
            <field 
               name="client_name"
               type="text"
               label="Name"
               description="Enter the client's name"
               size="50"
               required="true"
            />
            <field 
               name="client_email"
               type="email"
               label="Email"
               description="Enter the client's email address"
               validate="email"
               class="validate-email"
               required="true"
            />
            <field 
               name="subscription_key"
               type="text"
               label="License Key"
               description="Enter the unique subscription key provided by the vendor (format: GUID)"
               size="50"
               required="true"
               pattern="^[0-9a-fA-F]{8}-[0-9a-fA-F]{4}-[0-9a-fA-F]{4}-[0-9a-fA-F]{4}-[0-9a-fA-F]{12}$"
               message="Please enter a valid GUID format (e.g., 123e4567-e89b-12d3-a456-426614174000)"
               class="validate-guid"
            />
         </fieldset>         
         <fieldset name="fields_config" label="Fields Configuration">            
            <field 
               name="custom_fields" 
               type="subform" 
               label="Custom Fields" 
               description="Add your own custom fields" 
               multiple="true"
               layout="joomla.form.field.subform.repeatable-table"
               max="10"
               default='{
               "field1": {
                  "field_name": "email",
                  "field_label": "Email",
                  "field_type": "email",
                  "field_icon": "fas fa-envelope",
                  "profile_key": "profile.email"
               },
               "field2": {
                  "field_name": "phone",
                  "field_label": "Phone",
                  "field_type": "phone",
                  "field_icon": "fas fa-phone",
                  "profile_key": "profile.phone"
               },
               "field3": {
                  "field_name": "address1",
                  "field_label": "Adress",
                  "field_type": "text",
                  "field_icon": "fas fa-home",
                  "profile_key": "profile.address1"
               },
               "field4": {
                  "field_name": "address2",
                  "field_label": "Adress Line 2",
                  "field_type": "text",
                  "field_icon": "fas fa-building",
                  "profile_key": "profile.address2"
               },
               "field5": {
                  "field_name": "city",
                  "field_label": "City",
                  "field_type": "text",
                  "field_icon": "fas fa-city",
                  "profile_key": "profile.city"
               },
               "field6": {
                  "field_name": "region",
                  "field_label": "Region",
                  "field_type": "text",
                  "field_icon": "fas fa-map",
                  "profile_key": "profile.region"
               },
               "field7": {
                  "field_name": "postal_code",
                  "field_label": "Postal Code",
                  "field_type": "text",
                  "field_icon": "fas fa-map-marker-alt",
                  "profile_key": "profile.postal_code"
               }
            }'
         >
               <form>
                  <field
                     name="field_name"
                     type="text"
                     label="Field Name"
                     description="The name of the custom field"
                     required="true"
                  />
                  <field
                     name="field_label"
                     type="text"
                     label="Field Label"
                     description="The label to display for this field"
                     required="true"
                  />
                  <field
                     name="field_type"
                     type="list"
                     label="Field Type"
                     description="The type of field to retrieve"
                     default="text"
                     required="true"
                  >
                     <option value="text">Text</option>
                     <option value="email">Email</option>
                     <option value="url">URL</option>
                     <option value="phone">Phone</option>
                     <option value="date">Date</option>
                  </field>
                  <field 
                     name="profile_key" 
                     type="text"
                     label="Profile Key" 
                     description="Key from the User Profile plugin. Configure additional fields in 'User Profile' plugin."
                     hint="profile.phone"
                     required="true"
                  />
                  <field
                     name="field_icon"
                     type="text"
                     label="Icon Class" 
                     description="Visit https://fontawesome.com/search for icons"
                     default="fas fa-star"
                     hint="fas fa-user"
                  />
               </form>
            </field>
         </fieldset>
      </fields>
   </config>
</extension>
